[{"/Users/andyxu/Library/Application Support/Sublime Text 3/Packages/SublimeLinter/SublimeLinter.sublime-settings": "ASCII"}, {"/Users/andyxu/Library/Application Support/Sublime Text 3/Packages/Terminal/Default (OSX).sublime-keymap": "ASCII"}, {"/Users/andyxu/Library/Application Support/Sublime Text 3/Packages/User/Default (OSX).sublime-keymap": "ASCII"}, {"/Users/andyxu/Dev/webpack-test/hello.bundle.js": "ASCII"}, {"/Users/andyxu/Dev/webpack-test/hello.js": "ASCII"}, {"/Users/andyxu/Dev/webpack-test/package.json": "ASCII"}, {"/Users/andyxu/Dev/gallery-by-react/cfg/dev.js": "ASCII"}, {"/Users/andyxu/Dev/gallery-by-react/cfg/defaults.js": "ASCII"}, {"/Users/andyxu/Dev/gallery-by-react/src/styles/App.scss": "ASCII"}, {"/Users/andyxu/Dev/gallery-by-react/src/data/imageDatas.json": "ASCII"}, {"/Users/andyxu/Dev/gallery-by-react/src/config/dev.js": "ASCII"}, {"/Users/andyxu/Dev/gallery-by-react/src/config/base.js": "ASCII"}, {"/Users/andyxu/Dev/gallery-by-react/src/config/dist.js": "ASCII"}, {"/Users/andyxu/Dev/gallery-by-react/src/config/README.md": "ASCII"}, {"/Users/andyxu/Dev/gallery-by-react/src/actions/README.md": "ASCII"}, {"/Users/andyxu/Dev/gallery-by-react/src/config/test.js": "ASCII"}, {"/Users/andyxu/Dev/gallery-by-react/src/index.html": "ASCII"}, {"/Users/andyxu/Dev/gallery-by-react/src/index.js": "ASCII"}, {"/Users/andyxu/Dev/gallery-by-react/cfg/dist.js": "ASCII"}, {"/Users/andyxu/Dev/gallery-by-react/webpack.config.js": "ASCII"}, {"/Users/andyxu/Dev/gallery-by-react/package.json": "ASCII"}, {"/Users/andyxu/Dev/gallery-by-react/karma.conf.js": "ASCII"}, {"/Users/andyxu/Dev/gallery-by-react/.yo-rc.json": "ASCII"}, {"/Users/andyxu/Dev/gallery-by-react/.gitignore": "ASCII"}, {"/Users/andyxu/Dev/gallery-by-react/.eslintrc": "ASCII"}, {"/Users/andyxu/Dev/gallery-by-react/.editorconfig": "ASCII"}, {"/Users/andyxu/Dev/gallery-by-react/.babelrc": "ASCII"}, {"/Users/andyxu/Dev/gallery-by-react/cfg/test.js": "ASCII"}, {"/Users/andyxu/Dev/gallery-by-react/src/styles/App.css": "ASCII"}, {"/Users/andyxu/Dev/gallery-by-react/cfg/base.js": "ASCII"}, {"/Users/andyxu/Dev/gallery-by-react/test/config/ConfigTest.js": "ASCII"}, {"/Users/andyxu/Library/Application Support/Sublime Text 3/Packages/User/JsFormat.sublime-settings": "ASCII"}, {"/Users/andyxu/Library/Application Support/Sublime Text 3/Packages/ConvertToUTF8/ConvertToUTF8.sublime-settings": "ASCII"}, {"/Users/andyxu/Library/Application Support/Sublime Text 3/Packages/Babel/Babel.sublime-settings": "ASCII"}, {"/Users/andyxu/Dev/gallery-by-react/LICENSE": "ASCII"}, {"/Users/andyxu/Dev/react-demos-master/demo02/index.html": "ASCII"}, {"/Users/andyxu/Dev/react-demos-master/demo01/index.html": "ASCII"}, {"/Users/andyxu/FirstApp/index.android.js": "ASCII"}, {"/Users/andyxu/FirstApp/index.ios.js": "ASCII"}, {"/Users/andyxu/FirstApp/.gitattributes": "ASCII"}, {"/Users/andyxu/FirstApp/.watchmanconfig": "ASCII"}, {"/Users/andyxu/FirstApp/.flowconfig": "ASCII"}]